{
  "horizontal-2stops": {
    "value": "linear-gradient(180deg, {colors.gray.50} 0%, {colors.gray.900} 100%)",
    "type": "color"
  },
  "horizontal-3stops": {
    "value": "linear-gradient(180deg, {colors.gray.50} 0%, {colors.gray.900} 50%, {colors.gray.900} 100%)",
    "type": "color"
  },
  "vertical-2stops": {
    "value": "linear-gradient(270deg, {colors.gray.50} 0%, {colors.gray.900} 100%)",
    "type": "color"
  },
  "vertical-3stops": {
    "value": "linear-gradient(270deg, {colors.gray.50} 0%, {colors.gray.900} 50%, {colors.gray.900} 100%)",
    "type": "color"
  },
  "diagonal-left-2stops": {
    "value": "linear-gradient(-45deg, {colors.gray.50} 0%, {colors.gray.900} 100%)",
    "type": "color"
  },
  "diagonal-right-2stops": {
    "value": "linear-gradient(45deg, {colors.gray.50} 0%, {colors.gray.900} 100%)",
    "type": "color"
  }
}